{
  "hash": "7a167242",
  "configHash": "1e9f4c3d",
  "lockfileHash": "8c5eb81d",
  "browserHash": "211be922",
  "optimized": {
    "@angular/common": {
      "src": "../../../../../../node_modules/@angular/common/fesm2022/common.mjs",
      "file": "@angular_common.js",
      "fileHash": "3dce0c6a",
      "needsInterop": false
    },
    "@angular/common/http": {
      "src": "../../../../../../node_modules/@angular/common/fesm2022/http.mjs",
      "file": "@angular_common_http.js",
      "fileHash": "4e68236c",
      "needsInterop": false
    },
    "@angular/core": {
      "src": "../../../../../../node_modules/@angular/core/fesm2022/core.mjs",
      "file": "@angular_core.js",
      "fileHash": "2fd18f3e",
      "needsInterop": false
    },
    "@angular/forms": {
      "src": "../../../../../../node_modules/@angular/forms/fesm2022/forms.mjs",
      "file": "@angular_forms.js",
      "fileHash": "c50f336b",
      "needsInterop": false
    },
    "@angular/platform-browser": {
      "src": "../../../../../../node_modules/@angular/platform-browser/fesm2022/platform-browser.mjs",
      "file": "@angular_platform-browser.js",
      "fileHash": "c77c3345",
      "needsInterop": false
    },
    "@angular/router": {
      "src": "../../../../../../node_modules/@angular/router/fesm2022/router.mjs",
      "file": "@angular_router.js",
      "fileHash": "b4a81bca",
      "needsInterop": false
    }
  },
  "chunks": {
    "chunk-AEVEBAPO": {
      "file": "chunk-AEVEBAPO.js"
    },
    "chunk-VK7JEVAO": {
      "file": "chunk-VK7JEVAO.js"
    },
    "chunk-FS6Q4CBP": {
      "file": "chunk-FS6Q4CBP.js"
    },
    "chunk-LDOJRJIY": {
      "file": "chunk-LDOJRJIY.js"
    },
    "chunk-O3LGEELE": {
      "file": "chunk-O3LGEELE.js"
    }
  }
}